Date,County,VALUE
2020-02-24,State,57.5
2020-02-25,State,57.8
2020-02-26,State,57.5
2020-02-27,State,56.8
2020-02-28,State,56.8
2020-02-29,State,57.0
2020-01-03,State,55.7
2020-02-03,State,55.7
2020-03-03,State,56.3
2020-04-03,State,57.0
2020-05-03,State,57.8
2020-06-03,State,58.4
2020-07-03,State,58.4
2020-08-03,State,58.7
2020-09-03,State,59.2
2020-10-03,State,59.6
2020-11-03,State,60.1
2020-12-03,State,60.7
2020-03-13,State,61.5
2020-03-14,State,62.2
2020-03-15,State,62.9
2020-03-16,State,63.8
2020-03-17,State,64.6
2020-03-18,State,64.7
2020-03-19,State,64.5
2020-03-20,State,64.7
2020-03-21,State,65.3
2020-03-22,State,64.9
2020-03-23,State,65.0
2020-03-24,State,64.5
2020-03-25,State,64.8
2020-03-26,State,65.0
2020-03-27,State,65.1
2020-03-28,State,65.5
2020-03-29,State,67.3
2020-03-30,State,68.1
2020-03-31,State,69.2
2020-01-04,State,70.4
2020-02-04,State,71.9
2020-03-04,State,73.3
2020-04-04,State,74.0
2020-05-04,State,74.6
2020-06-04,State,75.1
2020-07-04,State,75.5
2020-08-04,State,75.4
2020-09-04,State,75.5
2020-10-04,State,75.8
2020-11-04,State,75.9
2020-12-04,State,76.1
2020-04-13,State,76.7
2020-04-14,State,76.7
2020-04-15,State,76.7
2020-04-16,State,76.6
2020-04-17,State,76.4
2020-04-18,State,76.4
2020-04-19,State,76.0
2020-04-20,State,75.3
2020-04-21,State,75.2
2020-04-22,State,75.1
2020-04-23,State,74.9
2020-04-24,State,74.6
2020-04-25,State,74.2
2020-04-26,State,73.9
2020-04-27,State,73.8
2020-04-28,State,73.5
2020-04-29,State,73.3
2020-04-30,State,73.1
2020-01-05,State,73.4
2020-02-05,State,73.4
2020-03-05,State,73.8
2020-04-05,State,74.0
2020-05-05,State,73.8
2020-06-05,State,73.3
2020-07-05,State,72.4
2020-08-05,State,72.2
2020-09-05,State,72.0
2020-10-05,State,72.0
2020-11-05,State,71.6
2020-12-05,State,71.5
2020-05-13,State,71.3
2020-05-14,State,71.0
2020-05-15,State,70.8
2020-05-16,State,70.7
2020-05-17,State,70.5
2020-05-18,State,70.1
2020-05-19,State,69.6
2020-05-20,State,69.1
2020-05-21,State,68.9
2020-05-22,State,68.7
2020-05-23,State,68.5
2020-05-24,State,67.8
2020-05-25,State,67.6
2020-05-26,State,67.4
2020-05-27,State,67.1
2020-05-28,State,0.0
2020-05-29,State,66.5
2020-05-30,State,66.1
2020-05-31,State,65.7
2020-01-06,State,65.2
2020-02-06,State,64.5
2020-03-06,State,64.5
2020-04-06,State,64.7
2020-05-06,State,64.9
2020-06-06,State,65.3
2020-07-06,State,65.5
2020-08-06,State,65.1
2020-09-06,State,65.2
2020-10-06,State,64.8
2020-11-06,State,64.5
2020-12-06,State,64.1
2020-06-13,State,63.3
2020-06-14,State,62.6
2020-06-15,State,62.4
2020-06-16,State,62.2
2020-06-17,State,62.0
2020-06-18,State,61.6
2020-06-19,State,61.4
2020-06-20,State,61.3
2020-06-21,State,61.1
2020-06-22,State,61.3
2020-06-23,State,61.4
2020-06-24,State,61.1
2020-06-25,State,60.6
2020-06-26,State,60.2
2020-06-27,State,60.1
2020-06-28,State,60.1
2020-06-29,State,59.6
2020-06-30,State,59.1
2020-01-07,State,58.9
2020-02-07,State,58.9
2020-03-07,State,58.9
2020-04-07,State,58.7
2020-05-07,State,58.4
2020-06-07,State,58.2
2020-07-07,State,58.4
2020-08-07,State,58.6
2020-09-07,State,58.6
2020-10-07,State,58.2
2020-11-07,State,57.8
2020-12-07,State,57.5
2020-07-13,State,57.4
2020-07-14,State,57.3
2020-07-15,State,56.9
2020-07-16,State,56.7
2020-07-17,State,56.7
2020-07-18,State,56.5
2020-07-19,State,55.9
2020-07-20,State,55.3
2020-07-21,State,54.6
2020-07-22,State,54.3
2020-07-23,State,54.0
2020-07-24,State,53.8
2020-07-25,State,53.5
2020-07-26,State,53.6
2020-07-27,State,53.7
2020-07-28,State,53.7
2020-07-29,State,53.6
2020-07-30,State,53.4
2020-07-31,State,53.1
2020-01-08,State,53.3
2020-02-08,State,53.3
2020-03-08,State,53.3
2020-04-08,State,53.6
2020-05-08,State,53.8
2020-06-08,State,54.0
2020-07-08,State,0.0
2020-08-08,State,54.5
2020-09-08,State,54.8
2020-10-08,State,55.2
2020-11-08,State,55.1
2020-12-08,State,54.8
2020-08-13,State,54.9
2020-08-14,State,54.6
2020-08-15,State,54.5
2020-08-16,State,54.4
2020-08-17,State,54.2
2020-08-18,State,53.9
2020-08-19,State,54.0
2020-08-20,State,53.8
2020-08-21,State,53.6
2020-08-22,State,53.6
2020-08-23,State,53.5
2020-08-24,State,53.3
2020-08-25,State,53.6
2020-08-26,State,53.4
2020-08-27,State,53.3
2020-08-28,State,53.4
2020-08-29,State,53.2
2020-08-30,State,53.0
2020-08-31,State,53.0
2020-01-09,State,53.8
2020-02-09,State,54.9
2020-03-09,State,55.4
2020-04-09,State,55.6
2020-05-09,State,55.8
2020-06-09,State,56.0
2020-07-09,State,56.2
2020-08-09,State,55.7
2020-09-09,State,55.2
2020-10-09,State,54.8
2020-11-09,State,54.8
2020-12-09,State,54.9
2020-09-13,State,54.9
2020-09-14,State,55.1
2020-09-15,State,54.8
2020-09-16,State,54.5
2020-09-17,State,54.4
2020-09-18,State,54.1
2020-09-19,State,54.1
2020-09-20,State,54.1
2020-09-21,State,53.9
2020-09-22,State,53.9
2020-09-23,State,53.9
2020-09-24,State,54.0
2020-09-25,State,54.2
2020-09-26,State,54.2
2020-09-27,State,54.4
2020-09-28,State,54.8
2020-09-29,State,54.8
2020-09-30,State,54.9
2020-01-10,State,54.9
2020-02-10,State,55.3
2020-03-10,State,55.9
2020-04-10,State,56.7
2020-05-10,State,56.5
2020-06-10,State,57.0
2020-07-10,State,57.6
2020-08-10,State,57.6
2020-09-10,State,57.8
2020-10-10,State,57.5
2020-11-10,State,57.5
2020-12-10,State,0.0
2020-10-13,State,0.0
2020-10-14,State,57.7
2020-10-15,State,57.7
2020-10-16,State,57.4
2020-10-17,State,57.5
2020-10-18,State,56.1
2020-10-19,State,56.0
2020-10-20,State,56.0
2020-10-21,State,55.6
2020-10-22,State,56.1
2020-10-23,State,56.5
2020-10-24,State,57.4
2020-10-25,State,58.3
2020-10-26,State,59.5
2020-10-27,State,60.1
2020-10-28,State,61.0
2020-10-29,State,61.2
2020-10-30,State,61.2
2020-10-31,State,61.0
2020-01-11,State,62.7
2020-02-11,State,62.6
2020-03-11,State,62.8
2020-04-11,State,62.9
2020-05-11,State,62.7
2020-06-11,State,62.5
2020-07-11,State,62.7
2020-08-11,State,61.2
2020-09-11,State,60.7
2020-10-11,State,60.5
2020-11-11,State,60.6
2020-12-11,State,60.6
2020-11-13,State,60.7
2020-11-14,State,60.6
2020-11-15,State,60.5
2020-11-16,State,60.4
2020-11-17,State,60.1
2020-11-18,State,59.7
2020-11-19,State,59.4
2020-11-20,State,59.4
2020-11-21,State,59.1
2020-11-22,State,58.8
2020-11-23,State,58.7
2020-11-24,State,58.7
2020-11-25,State,58.5
2020-11-26,State,58.5
2020-11-27,State,58.3
2020-11-28,State,58.3
2020-11-29,State,58.3
2020-11-30,State,58.3
2020-01-12,State,58.3
2020-02-12,State,58.3
2020-03-12,State,58.1
2020-04-12,State,57.6
2020-05-12,State,57.9
2020-06-12,State,57.5
2020-07-12,State,57.2
2020-08-12,State,56.6
2020-09-12,State,56.4
2020-10-12,State,56.2
2020-11-12,State,55.9
2020-12-12,State,55.4
2020-12-13,State,55.3
2020-12-14,State,55.0
2020-12-15,State,54.8
2020-12-16,State,54.5
2020-12-17,State,54.3
2020-12-18,State,54.1
2020-12-19,State,53.9
2020-12-20,State,53.2
2020-12-21,State,52.8
2020-12-22,State,52.3
2020-12-23,State,51.8
2020-12-24,State,51.7
2020-12-25,State,52.8
2020-12-26,State,53.5
2020-12-27,State,54.1
2020-12-28,State,55.0
2020-12-29,State,55.8
2020-12-30,State,56.5
2020-12-31,State,57.4
2021-01-01,State,59.5
2021-02-01,State,61.8
2021-03-01,State,63.7
2021-04-01,State,65.0
2021-05-01,State,66.4
2021-06-01,State,67.7
2021-07-01,State,68.6
2021-08-01,State,67.5
2021-09-01,State,66.6
2021-10-01,State,66.4
2021-11-01,State,66.3
2021-12-01,State,66.2
2021-01-13,State,66.3
2021-01-14,State,66.2
2021-01-15,State,66.2
2021-01-16,State,66.1
2021-01-17,State,66.1
2021-01-18,State,66.0
2021-01-19,State,65.8
2021-01-20,State,65.8
2021-01-21,State,65.8
2021-01-22,State,65.7
2021-01-23,State,65.7
2021-01-24,State,65.9
2021-01-25,State,66.0
2021-01-26,State,65.9
2021-01-27,State,65.8
2021-01-28,State,65.8
2021-01-29,State,65.6
2021-01-30,State,65.8
2021-01-31,State,65.9
2021-01-02,State,66.5
2021-02-02,State,67.1
2021-03-02,State,67.5
2021-04-02,State,67.8
2021-05-02,State,68.1
2021-06-02,State,68.4
2021-07-02,State,68.7
2021-08-02,State,68.5
2021-09-02,State,67.1
2021-10-02,State,66.7
2021-11-02,State,66.7
2021-12-02,State,66.7
2021-02-13,State,67.0
2021-02-14,State,67.0
2021-02-15,State,66.8
2021-02-16,State,66.3
2021-02-17,State,65.9
2021-02-18,State,65.2
2021-02-19,State,64.8
2021-02-20,State,64.4
2021-02-21,State,63.7
2021-02-22,State,63.6
2021-02-23,State,64.0
2021-02-24,State,64.2
2021-02-25,State,64.1
2021-02-26,State,63.8
2021-02-27,State,63.3
2021-02-28,State,63.3
2021-01-03,State,63.5
2021-02-03,State,63.7
2021-03-03,State,63.7
2021-04-03,State,63.8
2021-05-03,State,63.8
2021-06-03,State,63.8
2021-07-03,State,64.2
2021-08-03,State,64.3
2021-09-03,State,64.4
2021-10-03,State,64.8
2021-11-03,State,65.2
2021-12-03,State,65.7
2021-03-13,State,65.9
2021-03-14,State,66.0
2021-03-15,State,65.8
2021-03-16,State,65.3
2021-03-17,State,65.4
2021-03-18,State,65.3
2021-03-19,State,65.1
