date,Date,County,VALUE,new_cases
2020-02-02,0,0,0.0,0.0
2020-02-09,2020-02-09 00:00:00,State,54.9,0.0
2020-02-15,0,0,0.0,0.0
2020-02-23,0,0,0.0,0.0
2020-02-29,2020-02-29 00:00:00,State,57.0,1.0
2020-03-01,0,0,0.0,0.0
2020-03-02,0,0,0.0,0.0
2020-03-03,2020-03-03 00:00:00,State,56.3,1.0
2020-03-04,2020-03-04 00:00:00,State,73.3,4.0
2020-03-05,2020-03-05 00:00:00,State,73.8,0.0
2020-03-06,2020-03-06 00:00:00,State,64.5,12.0
2020-03-07,2020-03-07 00:00:00,State,58.9,0.0
2020-03-08,2020-03-08 00:00:00,State,53.3,1.0
2020-03-09,2020-03-09 00:00:00,State,55.4,2.0
2020-03-10,2020-03-10 00:00:00,State,55.9,13.0
2020-03-11,2020-03-11 00:00:00,State,62.8,9.0
2020-03-12,2020-03-12 00:00:00,State,58.1,0.0
2020-03-13,2020-03-13 00:00:00,State,61.5,47.0
2020-03-14,2020-03-14 00:00:00,State,62.2,39.0
2020-03-15,2020-03-15 00:00:00,State,62.9,0.0
2020-03-16,2020-03-16 00:00:00,State,63.8,40.0
2020-03-17,2020-03-17 00:00:00,State,64.6,54.0
2020-03-18,2020-03-18 00:00:00,State,64.7,69.0
2020-03-19,2020-03-19 00:00:00,State,64.5,265.0
2020-03-20,2020-03-20 00:00:00,State,64.7,126.0
2020-03-21,2020-03-21 00:00:00,State,65.3,102.0
2020-03-22,2020-03-22 00:00:00,State,64.9,121.0
2020-03-23,2020-03-23 00:00:00,State,65.0,219.0
2020-03-24,2020-03-24 00:00:00,State,64.5,204.0
2020-03-25,2020-03-25 00:00:00,State,64.8,235.0
2020-03-26,2020-03-26 00:00:00,State,65.0,255.0
2020-03-27,2020-03-27 00:00:00,State,65.1,302.0
2020-03-28,2020-03-28 00:00:00,State,65.5,294.0
2020-03-29,2020-03-29 00:00:00,State,67.3,200.0
2020-03-30,2020-03-30 00:00:00,State,68.1,295.0
2020-03-31,2020-03-31 00:00:00,State,69.2,325.0
2020-04-01,0,0,0.0,212.0
2020-04-02,0,0,0.0,402.0
2020-04-03,2020-04-03 00:00:00,State,57.0,424.0
2020-04-04,2020-04-04 00:00:00,State,74.0,331.0
2020-04-05,2020-04-05 00:00:00,State,74.0,390.0
2020-04-06,2020-04-06 00:00:00,State,64.7,370.0
2020-04-07,2020-04-07 00:00:00,State,58.7,345.0
2020-04-08,2020-04-08 00:00:00,State,53.6,365.0
2020-04-09,2020-04-09 00:00:00,State,55.6,500.0
2020-04-10,2020-04-10 00:00:00,State,56.7,1515.0
2020-04-11,2020-04-11 00:00:00,State,62.9,839.0
2020-04-12,2020-04-12 00:00:00,State,57.6,727.0
2020-04-13,2020-04-13 00:00:00,State,76.7,992.0
2020-04-14,2020-04-14 00:00:00,State,76.7,832.0
2020-04-15,2020-04-15 00:00:00,State,76.7,1068.0
2020-04-16,2020-04-16 00:00:00,State,76.6,724.0
2020-04-17,2020-04-17 00:00:00,State,76.4,709.0
2020-04-18,2020-04-18 00:00:00,State,76.4,778.0
2020-04-19,2020-04-19 00:00:00,State,76.0,493.0
2020-04-20,2020-04-20 00:00:00,State,75.3,401.0
2020-04-21,2020-04-21 00:00:00,State,75.2,388.0
2020-04-22,2020-04-22 00:00:00,State,75.1,631.0
2020-04-23,2020-04-23 00:00:00,State,74.9,936.0
2020-04-24,2020-04-24 00:00:00,State,74.6,577.0
2020-04-25,2020-04-25 00:00:00,State,74.2,377.0
2020-04-26,2020-04-26 00:00:00,State,73.9,701.0
2020-04-27,2020-04-27 00:00:00,State,73.8,386.0
2020-04-28,2020-04-28 00:00:00,State,73.5,229.0
2020-04-29,2020-04-29 00:00:00,State,73.3,376.0
2020-04-30,2020-04-30 00:00:00,State,73.1,359.0
2020-05-01,0,0,0.0,221.0
2020-05-02,0,0,0.0,343.0
2020-05-03,2020-05-03 00:00:00,State,57.8,330.0
2020-05-04,2020-05-04 00:00:00,State,74.6,266.0
2020-05-05,2020-05-05 00:00:00,State,73.8,211.0
2020-05-06,2020-05-06 00:00:00,State,64.9,265.0
2020-05-07,2020-05-07 00:00:00,State,58.4,137.0
2020-05-08,2020-05-08 00:00:00,State,53.8,156.0
2020-05-09,2020-05-09 00:00:00,State,55.8,219.0
2020-05-10,2020-05-10 00:00:00,State,56.5,236.0
2020-05-11,2020-05-11 00:00:00,State,62.7,139.0
2020-05-12,2020-05-12 00:00:00,State,57.9,107.0
2020-05-13,2020-05-13 00:00:00,State,71.3,159.0
2020-05-14,2020-05-14 00:00:00,State,71.0,426.0
2020-05-15,2020-05-15 00:00:00,State,70.8,129.0
2020-05-16,2020-05-16 00:00:00,State,70.7,92.0
2020-05-17,2020-05-17 00:00:00,State,70.5,64.0
2020-05-18,2020-05-18 00:00:00,State,70.1,88.0
2020-05-19,2020-05-19 00:00:00,State,69.6,51.0
2020-05-20,2020-05-20 00:00:00,State,69.1,64.0
2020-05-21,2020-05-21 00:00:00,State,68.9,76.0
2020-05-22,2020-05-22 00:00:00,State,68.7,115.0
2020-05-23,2020-05-23 00:00:00,State,68.5,76.0
2020-05-24,2020-05-24 00:00:00,State,67.8,57.0
2020-05-25,2020-05-25 00:00:00,State,67.6,59.0
2020-05-26,2020-05-26 00:00:00,State,67.4,37.0
2020-05-27,2020-05-27 00:00:00,State,67.1,68.0
2020-05-28,2020-05-28 00:00:00,State,0.0,38.0
2020-05-29,2020-05-29 00:00:00,State,66.5,35.0
2020-05-30,2020-05-30 00:00:00,State,66.1,53.0
2020-05-31,2020-05-31 00:00:00,State,65.7,61.0
2020-06-01,0,0,0.0,72.0
2020-06-02,0,0,0.0,4.0
2020-06-03,2020-06-03 00:00:00,State,58.4,45.0
2020-06-04,2020-06-04 00:00:00,State,75.1,31.0
2020-06-05,2020-06-05 00:00:00,State,73.3,21.0
2020-06-06,2020-06-06 00:00:00,State,65.3,20.0
2020-06-07,2020-06-07 00:00:00,State,58.2,18.0
2020-06-08,2020-06-08 00:00:00,State,54.0,6.0
2020-06-09,2020-06-09 00:00:00,State,56.0,8.0
2020-06-10,2020-06-10 00:00:00,State,57.0,16.0
2020-06-11,2020-06-11 00:00:00,State,62.5,7.0
2020-06-12,2020-06-12 00:00:00,State,57.5,12.0
2020-06-13,2020-06-13 00:00:00,State,63.3,45.0
2020-06-14,2020-06-14 00:00:00,State,62.6,8.0
2020-06-15,2020-06-15 00:00:00,State,62.4,18.0
2020-06-16,2020-06-16 00:00:00,State,62.2,13.0
2020-06-17,2020-06-17 00:00:00,State,62.0,7.0
2020-06-18,2020-06-18 00:00:00,State,61.6,14.0
2020-06-19,2020-06-19 00:00:00,State,61.4,13.0
2020-06-20,2020-06-20 00:00:00,State,61.3,6.0
2020-06-21,2020-06-21 00:00:00,State,61.1,5.0
2020-06-22,2020-06-22 00:00:00,State,61.3,4.0
2020-06-23,2020-06-23 00:00:00,State,61.4,8.0
2020-06-24,2020-06-24 00:00:00,State,61.1,5.0
2020-06-25,2020-06-25 00:00:00,State,60.6,9.0
2020-06-26,2020-06-26 00:00:00,State,60.2,9.0
2020-06-27,2020-06-27 00:00:00,State,60.1,23.0
2020-06-28,2020-06-28 00:00:00,State,60.1,2.0
2020-06-29,2020-06-29 00:00:00,State,59.6,23.0
2020-06-30,2020-06-30 00:00:00,State,59.1,11.0
2020-07-01,0,0,0.0,4.0
2020-07-02,0,0,0.0,12.0
2020-07-03,2020-07-03 00:00:00,State,58.4,9.0
2020-07-04,2020-07-04 00:00:00,State,75.5,11.0
2020-07-05,2020-07-05 00:00:00,State,72.4,18.0
2020-07-06,2020-07-06 00:00:00,State,65.5,4.0
2020-07-07,2020-07-07 00:00:00,State,58.4,7.0
2020-07-08,2020-07-08 00:00:00,State,0.0,4.0
2020-07-09,2020-07-09 00:00:00,State,56.2,23.0
2020-07-10,2020-07-10 00:00:00,State,57.6,24.0
2020-07-11,2020-07-11 00:00:00,State,62.7,22.0
2020-07-12,2020-07-12 00:00:00,State,57.2,17.0
2020-07-13,2020-07-13 00:00:00,State,57.4,10.0
2020-07-14,2020-07-14 00:00:00,State,57.3,32.0
2020-07-15,2020-07-15 00:00:00,State,56.9,13.0
2020-07-16,2020-07-16 00:00:00,State,56.7,15.0
2020-07-17,2020-07-17 00:00:00,State,56.7,32.0
2020-07-18,2020-07-18 00:00:00,State,56.5,20.0
2020-07-19,2020-07-19 00:00:00,State,55.9,10.0
2020-07-20,2020-07-20 00:00:00,State,55.3,6.0
2020-07-21,2020-07-21 00:00:00,State,54.6,36.0
2020-07-22,2020-07-22 00:00:00,State,54.3,17.0
2020-07-23,2020-07-23 00:00:00,State,54.0,7.0
2020-07-24,2020-07-24 00:00:00,State,53.8,19.0
2020-07-25,2020-07-25 00:00:00,State,53.5,24.0
2020-07-26,2020-07-26 00:00:00,State,53.6,12.0
2020-07-27,2020-07-27 00:00:00,State,53.7,11.0
2020-07-28,2020-07-28 00:00:00,State,53.7,37.0
2020-07-29,2020-07-29 00:00:00,State,53.6,13.0
2020-07-30,2020-07-30 00:00:00,State,53.4,85.0
2020-07-31,2020-07-31 00:00:00,State,53.1,38.0
2020-08-01,0,0,0.0,44.0
2020-08-02,0,0,0.0,53.0
2020-08-03,2020-08-03 00:00:00,State,58.7,46.0
2020-08-04,2020-08-04 00:00:00,State,75.4,45.0
2020-08-05,2020-08-05 00:00:00,State,72.2,50.0
2020-08-06,2020-08-06 00:00:00,State,65.1,69.0
2020-08-07,2020-08-07 00:00:00,State,58.6,98.0
2020-08-08,2020-08-08 00:00:00,State,54.5,174.0
2020-08-09,2020-08-09 00:00:00,State,55.7,68.0
2020-08-10,2020-08-10 00:00:00,State,57.6,56.0
2020-08-11,2020-08-11 00:00:00,State,61.2,33.0
2020-08-12,2020-08-12 00:00:00,State,56.6,37.0
2020-08-13,2020-08-13 00:00:00,State,54.9,91.0
2020-08-14,2020-08-14 00:00:00,State,54.6,66.0
2020-08-15,2020-08-15 00:00:00,State,54.5,196.0
2020-08-16,2020-08-16 00:00:00,State,54.4,66.0
2020-08-17,2020-08-17 00:00:00,State,54.2,56.0
2020-08-18,2020-08-18 00:00:00,State,53.9,186.0
2020-08-19,2020-08-19 00:00:00,State,54.0,48.0
2020-08-20,2020-08-20 00:00:00,State,53.8,129.0
2020-08-21,2020-08-21 00:00:00,State,53.6,79.0
2020-08-22,2020-08-22 00:00:00,State,53.6,153.0
2020-08-23,2020-08-23 00:00:00,State,53.5,61.0
2020-08-24,2020-08-24 00:00:00,State,53.3,147.0
2020-08-25,2020-08-25 00:00:00,State,53.6,85.0
2020-08-26,2020-08-26 00:00:00,State,53.4,162.0
2020-08-27,2020-08-27 00:00:00,State,53.3,90.0
2020-08-28,2020-08-28 00:00:00,State,53.4,125.0
2020-08-29,2020-08-29 00:00:00,State,53.2,142.0
2020-08-30,2020-08-30 00:00:00,State,53.0,40.0
2020-08-31,2020-08-31 00:00:00,State,53.0,51.0
2020-09-01,0,0,0.0,214.0
2020-09-02,0,0,0.0,89.0
2020-09-03,2020-09-03 00:00:00,State,59.2,92.0
2020-09-04,2020-09-04 00:00:00,State,75.5,97.0
2020-09-05,2020-09-05 00:00:00,State,72.0,231.0
2020-09-06,2020-09-06 00:00:00,State,65.2,138.0
2020-09-07,2020-09-07 00:00:00,State,58.6,102.0
2020-09-08,2020-09-08 00:00:00,State,54.8,306.0
2020-09-09,2020-09-09 00:00:00,State,55.2,84.0
2020-09-10,2020-09-10 00:00:00,State,57.8,196.0
2020-09-11,2020-09-11 00:00:00,State,60.7,211.0
2020-09-12,2020-09-12 00:00:00,State,56.4,159.0
2020-09-13,2020-09-13 00:00:00,State,54.9,255.0
2020-09-14,2020-09-14 00:00:00,State,55.1,207.0
2020-09-15,2020-09-15 00:00:00,State,54.8,357.0
2020-09-16,2020-09-16 00:00:00,State,54.5,250.0
2020-09-17,2020-09-17 00:00:00,State,54.4,224.0
2020-09-18,2020-09-18 00:00:00,State,54.1,248.0
2020-09-19,2020-09-19 00:00:00,State,54.1,267.0
2020-09-20,2020-09-20 00:00:00,State,54.1,395.0
2020-09-21,2020-09-21 00:00:00,State,53.9,188.0
2020-09-22,2020-09-22 00:00:00,State,53.9,323.0
2020-09-23,2020-09-23 00:00:00,State,53.9,231.0
2020-09-24,2020-09-24 00:00:00,State,54.0,319.0
2020-09-25,2020-09-25 00:00:00,State,54.2,321.0
2020-09-26,2020-09-26 00:00:00,State,54.2,245.0
2020-09-27,2020-09-27 00:00:00,State,54.4,430.0
2020-09-28,2020-09-28 00:00:00,State,54.8,387.0
2020-09-29,2020-09-29 00:00:00,State,54.8,363.0
2020-09-30,2020-09-30 00:00:00,State,54.9,415.0
2020-10-01,0,0,0.0,442.0
2020-10-02,0,0,0.0,466.0
2020-10-03,2020-10-03 00:00:00,State,59.6,605.0
2020-10-04,2020-10-04 00:00:00,State,75.8,364.0
2020-10-05,2020-10-05 00:00:00,State,72.0,517.0
2020-10-06,2020-10-06 00:00:00,State,64.8,424.0
2020-10-07,2020-10-07 00:00:00,State,58.2,611.0
2020-10-08,2020-10-08 00:00:00,State,55.2,502.0
2020-10-09,2020-10-09 00:00:00,State,54.8,617.0
2020-10-10,2020-10-10 00:00:00,State,57.5,1011.0
2020-10-11,2020-10-11 00:00:00,State,60.5,814.0
2020-10-12,2020-10-12 00:00:00,State,56.2,823.0
2020-10-13,2020-10-13 00:00:00,State,0.0,808.0
2020-10-14,2020-10-14 00:00:00,State,57.7,1084.0
2020-10-15,2020-10-15 00:00:00,State,57.7,1186.0
2020-10-16,2020-10-16 00:00:00,State,57.4,998.0
2020-10-17,2020-10-17 00:00:00,State,57.5,1251.0
2020-10-18,2020-10-18 00:00:00,State,56.1,1284.0
2020-10-19,2020-10-19 00:00:00,State,56.0,1031.0
2020-10-20,2020-10-20 00:00:00,State,56.0,1263.0
2020-10-21,2020-10-21 00:00:00,State,55.6,1166.0
2020-10-22,2020-10-22 00:00:00,State,56.1,1054.0
2020-10-23,2020-10-23 00:00:00,State,56.5,785.0
2020-10-24,2020-10-24 00:00:00,State,57.4,847.0
2020-10-25,2020-10-25 00:00:00,State,58.3,1020.0
2020-10-26,2020-10-26 00:00:00,State,59.5,939.0
2020-10-27,2020-10-27 00:00:00,State,60.1,700.0
2020-10-28,2020-10-28 00:00:00,State,61.0,667.0
2020-10-29,2020-10-29 00:00:00,State,61.2,863.0
2020-10-30,2020-10-30 00:00:00,State,61.2,762.0
2020-10-31,2020-10-31 00:00:00,State,61.0,397.0
2020-11-01,0,0,0.0,546.0
2020-11-02,0,0,0.0,748.0
2020-11-03,2020-11-03 00:00:00,State,60.1,298.0
2020-11-04,2020-11-04 00:00:00,State,75.9,435.0
2020-11-05,2020-11-05 00:00:00,State,71.6,563.0
2020-11-06,2020-11-06 00:00:00,State,64.5,492.0
2020-11-07,2020-11-07 00:00:00,State,57.8,317.0
2020-11-08,2020-11-08 00:00:00,State,55.1,539.0
2020-11-09,2020-11-09 00:00:00,State,54.8,265.0
2020-11-10,2020-11-10 00:00:00,State,57.5,230.0
2020-11-11,2020-11-11 00:00:00,State,60.6,358.0
2020-11-12,2020-11-12 00:00:00,State,55.9,385.0
2020-11-13,2020-11-13 00:00:00,State,60.7,467.0
2020-11-14,2020-11-14 00:00:00,State,60.6,427.0
2020-11-15,2020-11-15 00:00:00,State,60.5,377.0
2020-11-16,2020-11-16 00:00:00,State,60.4,453.0
2020-11-17,2020-11-17 00:00:00,State,60.1,330.0
2020-11-18,2020-11-18 00:00:00,State,59.7,372.0
2020-11-19,2020-11-19 00:00:00,State,59.4,415.0
2020-11-20,2020-11-20 00:00:00,State,59.4,329.0
2020-11-21,2020-11-21 00:00:00,State,59.1,341.0
2020-11-22,2020-11-22 00:00:00,State,58.8,318.0
2020-11-23,2020-11-23 00:00:00,State,58.7,250.0
2020-11-24,2020-11-24 00:00:00,State,58.7,219.0
2020-11-25,2020-11-25 00:00:00,State,58.5,257.0
2020-11-26,2020-11-26 00:00:00,State,58.5,307.0
2020-11-27,2020-11-27 00:00:00,State,58.3,205.0
2020-11-28,2020-11-28 00:00:00,State,58.3,243.0
2020-11-29,2020-11-29 00:00:00,State,58.3,299.0
2020-11-30,2020-11-30 00:00:00,State,58.3,303.0
2020-12-01,0,0,0.0,254.0
2020-12-02,0,0,0.0,268.0
2020-12-03,2020-12-03 00:00:00,State,60.7,162.0
2020-12-04,2020-12-04 00:00:00,State,76.1,263.0
2020-12-05,2020-12-05 00:00:00,State,71.5,457.0
2020-12-06,2020-12-06 00:00:00,State,64.1,298.0
2020-12-07,2020-12-07 00:00:00,State,57.5,222.0
2020-12-08,2020-12-08 00:00:00,State,54.8,214.0
2020-12-09,2020-12-09 00:00:00,State,54.9,218.0
2020-12-10,2020-12-10 00:00:00,State,0.0,303.0
2020-12-11,2020-12-11 00:00:00,State,60.6,304.0
2020-12-12,2020-12-12 00:00:00,State,55.4,249.0
2020-12-13,2020-12-13 00:00:00,State,55.3,429.0
2020-12-14,2020-12-14 00:00:00,State,55.0,264.0
2020-12-15,2020-12-15 00:00:00,State,54.8,327.0
2020-12-16,2020-12-16 00:00:00,State,54.5,421.0
2020-12-17,2020-12-17 00:00:00,State,54.3,481.0
2020-12-18,2020-12-18 00:00:00,State,54.1,576.0
2020-12-19,2020-12-19 00:00:00,State,53.9,522.0
2020-12-20,2020-12-20 00:00:00,State,53.2,766.0
2020-12-21,2020-12-21 00:00:00,State,52.8,725.0
2020-12-22,2020-12-22 00:00:00,State,52.3,961.0
2020-12-23,2020-12-23 00:00:00,State,51.8,927.0
2020-12-24,2020-12-24 00:00:00,State,51.7,918.0
2020-12-25,2020-12-25 00:00:00,State,52.8,1025.0
2020-12-26,2020-12-26 00:00:00,State,53.5,1296.0
2020-12-27,2020-12-27 00:00:00,State,54.1,735.0
2020-12-28,2020-12-28 00:00:00,State,55.0,765.0
2020-12-29,2020-12-29 00:00:00,State,55.8,1545.0
2020-12-30,2020-12-30 00:00:00,State,56.5,1718.0
2020-12-31,2020-12-31 00:00:00,State,57.4,1622.0
2021-01-01,2021-01-01 00:00:00,State,59.5,1753.0
2021-01-02,2021-01-02 00:00:00,State,66.5,3394.0
2021-01-03,2021-01-03 00:00:00,State,63.5,4961.0
2021-01-04,0,0,0.0,6110.0
2021-01-05,0,0,0.0,5325.0
2021-01-06,0,0,0.0,7832.0
2021-01-07,0,0,0.0,6503.0
2021-01-08,0,0,0.0,8227.0
2021-01-09,0,0,0.0,4843.0
2021-01-10,0,0,0.0,6886.0
2021-01-11,0,0,0.0,4926.0
2021-01-12,0,0,0.0,3052.0
2021-01-13,2021-01-13 00:00:00,State,66.3,3553.0
2021-01-14,2021-01-14 00:00:00,State,66.2,3913.0
2021-01-15,2021-01-15 00:00:00,State,66.2,3491.0
2021-01-16,2021-01-16 00:00:00,State,66.1,3232.0
2021-01-17,2021-01-17 00:00:00,State,66.1,2946.0
2021-01-18,2021-01-18 00:00:00,State,66.0,2117.0
2021-01-19,2021-01-19 00:00:00,State,65.8,1996.0
2021-01-20,2021-01-20 00:00:00,State,65.8,2485.0
2021-01-21,2021-01-21 00:00:00,State,65.8,2598.0
2021-01-22,2021-01-22 00:00:00,State,65.7,2357.0
2021-01-23,2021-01-23 00:00:00,State,65.7,1905.0
2021-01-24,2021-01-24 00:00:00,State,65.9,1370.0
2021-01-25,2021-01-25 00:00:00,State,66.0,1369.0
2021-01-26,2021-01-26 00:00:00,State,65.9,928.0
2021-01-27,2021-01-27 00:00:00,State,65.8,1331.0
2021-01-28,2021-01-28 00:00:00,State,65.8,1463.0
2021-01-29,2021-01-29 00:00:00,State,65.6,1247.0
2021-01-30,2021-01-30 00:00:00,State,65.8,1411.0
2021-01-31,2021-01-31 00:00:00,State,65.9,1244.0
2021-02-01,2021-02-01 00:00:00,State,61.8,1006.0
2021-02-02,2021-02-02 00:00:00,State,67.1,871.0
2021-02-03,2021-02-03 00:00:00,State,63.7,1006.0
2021-02-04,0,0,0.0,1314.0
2021-02-05,0,0,0.0,1019.0
2021-02-06,0,0,0.0,785.0
2021-02-07,0,0,0.0,1020.0
2021-02-08,0,0,0.0,829.0
2021-02-09,0,0,0.0,543.0
2021-02-10,0,0,0.0,999.0
2021-02-11,0,0,0.0,862.0
2021-02-12,0,0,0.0,919.0
2021-02-13,2021-02-13 00:00:00,State,67.0,1076.0
2021-02-14,2021-02-14 00:00:00,State,67.0,786.0
2021-02-15,2021-02-15 00:00:00,State,66.8,820.0
2021-02-16,2021-02-16 00:00:00,State,66.3,711.0
2021-02-17,2021-02-17 00:00:00,State,65.9,638.0
2021-02-18,2021-02-18 00:00:00,State,65.2,896.0
2021-02-19,2021-02-19 00:00:00,State,64.8,753.0
2021-02-20,2021-02-20 00:00:00,State,64.4,978.0
2021-02-21,2021-02-21 00:00:00,State,63.7,679.0
2021-02-22,2021-02-22 00:00:00,State,63.6,686.0
2021-02-23,2021-02-23 00:00:00,State,64.0,557.0
2021-02-24,2021-02-24 00:00:00,State,64.2,540.0
2021-02-25,2021-02-25 00:00:00,State,64.1,638.0
2021-02-26,2021-02-26 00:00:00,State,63.8,773.0
2021-02-27,2021-02-27 00:00:00,State,63.3,729.0
2021-02-28,2021-02-28 00:00:00,State,63.3,612.0
2021-03-01,2021-03-01 00:00:00,State,63.7,681.0
2021-03-02,2021-03-02 00:00:00,State,67.5,357.0
2021-03-03,2021-03-03 00:00:00,State,63.7,559.0
2021-03-04,0,0,0.0,460.0
2021-03-05,0,0,0.0,520.0
2021-03-06,0,0,0.0,530.0
2021-03-07,0,0,0.0,520.0
2021-03-08,0,0,0.0,432.0
2021-03-09,0,0,0.0,306.0
2021-03-10,0,0,0.0,631.0
2021-03-11,0,0,0.0,591.0
2021-03-12,0,0,0.0,641.0
2021-03-13,2021-03-13 00:00:00,State,65.9,538.0
2021-03-14,2021-03-14 00:00:00,State,66.0,383.0
2021-03-15,2021-03-15 00:00:00,State,65.8,575.0
2021-03-16,2021-03-16 00:00:00,State,65.3,347.0
2021-03-17,2021-03-17 00:00:00,State,65.4,552.0
2021-03-18,2021-03-18 00:00:00,State,65.3,581.0
2021-03-19,2021-03-19 00:00:00,State,65.1,510.0
2021-03-20,0,0,0.0,525.0
2021-03-21,0,0,0.0,768.0
2021-03-22,0,0,0.0,520.0
2021-03-23,0,0,0.0,365.0
2021-03-24,0,0,0.0,680.0
2021-03-25,0,0,0.0,594.0
2021-03-26,0,0,0.0,569.0
2021-03-27,0,0,0.0,610.0
2021-03-28,0,0,0.0,604.0
2021-03-29,0,0,0.0,537.0
2021-03-30,0,0,0.0,366.0
2021-03-31,0,0,0.0,410.0
2021-04-01,2021-04-01 00:00:00,State,65.0,746.0
2021-04-02,2021-04-02 00:00:00,State,67.8,587.0
2021-04-03,2021-04-03 00:00:00,State,63.8,508.0
2021-04-04,0,0,0.0,453.0
2021-04-05,0,0,0.0,318.0
2021-04-06,0,0,0.0,441.0
2021-04-07,0,0,0.0,418.0
2021-04-08,0,0,0.0,398.0
2021-04-09,0,0,0.0,469.0
2021-04-10,0,0,0.0,451.0
2021-04-11,0,0,0.0,302.0
2021-04-12,0,0,0.0,385.0
